SITE,CITY,STATE,,
,,,,
ABC,ANCHORAGE,AK/Bethel,,AK-Bethel-KABC
AKC,ANCHORAGE,AK/King Salmon,,AK-King Salmon-KAKC
AIH,ANCHORAGE,AK/Middleton Island,,AK-Middleton Island-KAIH
AHG,ANCHORAGE,AK/Nikiski,,AK-Nikiski-KAHG
AEC,FAIRBANKS,AK/Nome,,AK-Nome-KAEC
APD,FAIRBANKS,AK/Pedro Dome,,AK-Pedro Dome-KAPD
ACG,JUNEAU,AK/Sitka,,AK-Sitka-KACG
MXX,BIRMINGHAM,AL/(Maxwell AFB RDA),,AL-(Maxwell AFB RDA)-KMXX
BMX,BIRMINGHAM,AL/Alabaster,,AL-Alabaster-KBMX
EOX,BIRMINGHAM,AL/Fort Rucker,,AL-Fort Rucker-KEOX
MOB,MOBILE,AL/Mobile,,AL-Mobile-KMOB
HTX,BIRMINGHAM,AL/Northeastern Alabama,,AL-Northeastern Alabama-KHTX
LZK,LITTLE ROCK,AR/North Little Rock,,AR-North Little Rock-KLZK
FSX,FLAGSTAFF,AZ/Coconino,,AZ-Coconino-KFSX
IWA,PHOENIX,AZ/Mesa,,AZ-Mesa-KIWA
EMX,TUCSON,AZ/Pima County,,AZ-Pima County-KEMX
YUX,PHOENIX,AZ/Yuma,,AZ-Yuma-KYUX
BBX,SACRAMENTO,CA/(Beale AFB),,CA-(Beale AFB)-KBBX
VBX,LOS ANGELES,CA/(Vandenberg AFB),,CA-(Vandenberg AFB)-KVBX
HNX,SAN JOAQUIN VALLEY,CA/Hanford,,CA-Hanford-KHNX
BHX,EUREKA,CA/Humboldt County,,CA-Humboldt County-KBHX
SOX,SAN DIEGO,CA/Orange County,,CA-Orange County-KSOX
DAX,SACRAMENTO,CA/Sacramento,,CA-Sacramento-KDAX
NKX,SAN DIEGO,CA/San Diego,,CA-San Diego-KNKX
MUX,SAN FRANCISCO,CA/Santa Clara County,,CA-Santa Clara County-KMUX
VTX,LOS ANGELES,CA/Ventura County,,CA-Ventura County-KVTX
FTG,DENVER/BOULDER,CO/Denver,,CO-Denver-KFTG
GJX,GRAND JUNCTION,CO/Mesa,,CO-Mesa-KGJX
PUX,PUEBLO,CO/Pueblo County,,CO-Pueblo County-KPUX
VAX,TALLAHASSEE,FL/(Moody AFB),,FL-(Moody AFB)-KVAX
BYX,MIAMI,FL/Boca Chica Key,,FL-Boca Chica Key-KBYX
EVX,TALLAHASSEE,FL/Eglin AFB RDA,,FL-Eglin AFB RDA-KEVX
JAX,JACKSONVILLE,FL/Jacksonville,,FL-Jacksonville-KJAX
MLB,MELBOURNE,FL/Melbourne,,FL-Melbourne-KMLB
AMX,MIAMI,FL/Miami,,FL-Miami-KAMX
TBW,TAMPA BAY AREA,FL/Ruskin,,FL-Ruskin-KTBW
TLH,TALLAHASSEE,FL/Tallahassee,,FL-Tallahassee-KTLH
FFC,ATLANTA,GA/Peachtree City,,GA-Peachtree City-KFFC
JGX,ATLANTA,GA/State Hwy 96 (Robins AFB),,GA-State Hwy 96 (Robins AFB)-KJGX
GUA,GUAM,GU/Barrigada Comm. Station,,GU-Barrigada Comm. Station-KGUA
HWA,HONOLULU,HI/Hawaii,,HI-Hawaii-KHWA
HKI,HONOLULU,HI/Kauai,,HI-Kauai-KHKI
HKM,HONOLULU,HI/Kohala,,HI-Kohala-KHKM
HMO,HONOLULU,HI/Molokai,,HI-Molokai-KHMO
DVN,QUAD CITIES,IA/Davenport,,IA-Davenport-KDVN
DMX,DES MOINES,IA/Johnston,,IA-Johnston-KDMX
CBX,BOISE,ID/Ada County,,ID-Ada County-KCBX
SFX,POCATELLO/IDAHO FALLS,ID/Springfield,,ID-Springfield-KSFX
ILX,CENTRAL ILLINOIS,IL/Lincoln,,IL-Lincoln-KILX
LOT,CHICAGO,IL/Romeoville,,IL-Romeoville-KLOT
VWX,"OWENSVILLE, IN",IN/EVANSVILLE,,IN-EVANSVILLE-KVWX
IND,INDIANAPOLIS,IN/Indianapolis,,IN-Indianapolis-KIND
IWX,NORTHERN INDIANA,IN/North Webster,,IN-North Webster-KIWX
DGX,"BRANDON, MS","JACKSON/BRANDON, MS",,"JA-KSON/BRANDON, MS-KDGX"
TWX,TOPEKA,KS/Alma,,KS-Alma-KTWX
DDC,DODGE CITY,KS/Dodge City,,KS-Dodge City-KDDC
GLD,GOODLAND,KS/Goodland,,KS-Goodland-KGLD
ICT,WICHITA,KS/Wichita,,KS-Wichita-KICT
HPX,PADUCAH,KY/(Fort Campbell),,KY-(Fort Campbell)-KHPX
LVX,LOUISVILLE,KY/Fort Knox,,KY-Fort Knox-KLVX
JKL,JACKSON,KY/Noctor,,KY-Noctor-KJKL
PAH,PADUCAH,KY/Paducah,,KY-Paducah-KPAH
POE,LAKE CHARLES,LA/Ft Polk Firing Pt 707,,LA-Ft Polk Firing Pt 707-KPOE
LGX,"LANGLEY HILL, WA",LANGLEY HILL (NW WASHINGTON),,LA-GLEY HILL (NW WASHINGTON)-KLGX
LCH,LAKE CHARLES,LA/Lake Charles,,LA-Lake Charles-KLCH
SHV,SHREVEPORT,LA/Shreveport,,LA-Shreveport-KSHV
LIX,NEW ORLEANS/BATON ROUGE,LA/Slidell,,LA-Slidell-KLIX
BOX,BOSTON,MA/Taunton,,MA-Taunton-KBOX
LWX,BALTIMORE,MD/ WASHINGTON DC/Sterling,,MD- WASHINGTON DC/Sterling-KLWX
GYX,PORTLAND,ME/Gray,,ME-Gray-KGYX
CBW,PORTLAND,ME/Houlton,,ME-Houlton-KCBW
APX,LOWER MICHIGAN,MI/Gaylord,,MI-Gaylord-KAPX
GRR,GRAND RAPIDS,MI/Grand Rapids,,MI-Grand Rapids-KGRR
MQT,MARQUETTE,MI/Marquette,,MI-Marquette-KMQT
DTX,DETROIT,MI/White Lake,,MI-White Lake-KDTX
MPX,MINNEAPOLIS,MN/Chanhassen,,MN-Chanhassen-KMPX
DLH,DULUTH,MN/Duluth,,MN-Duluth-KDLH
EAX,K.C./PLEASANT HILL,MO/Pleasant Hill,,MO-Pleasant Hill-KEAX
SGF,SPRINGFIELD,MO/Springfield,,MO-Springfield-KSGF
LSX,ST. LOUIS,MO/St Charles,,MO-St Charles-KLSX
GGW,GLASGOW,MT/Glasgow,,MT-Glasgow-KGGW
TFX,GREAT FALLS,MT/Great Falls,,MT-Great Falls-KTFX
MSX,MISSOULA,MT/Missoula County,,MT-Missoula County-KMSX
BLX,BILLINGS,MT/Yellowstone County,,MT-Yellowstone County-KBLX
RAX,RALEIGH/DURHAM,NC/Clayton,,NC-Clayton-KRAX
MHX,MOREHEAD CITY,NC/Newport,,NC-Newport-KMHX
LTX,WILMINGTON,NC/Shallotte,,NC-Shallotte-KLTX
MBX,BISMARCK,ND/(Minot AFB),,ND-(Minot AFB)-KMBX
BIS,BISMARCK,ND/Bismarck,,ND-Bismarck-KBIS
MVX,EASTERN NORTH DAKOTA,ND/Mayville,,ND-Mayville-KMVX
LNX,NORTH PLATTE,NE/Thedford,,NE-Thedford-KLNX
OAX,OMAHA,NE/Valley,,NE-Valley-KOAX
UEX,HASTINGS,NE/Webster County,,NE-Webster County-KUEX
FDX,ALBUQUERQUE,NM/(Cannon AFB),,NM-(Cannon AFB)-KFDX
ABX,ALBUQUERQUE,NM/Albuquerque,,NM-Albuquerque-KABX
EYX,LAS VEGAS,NV/Edwards AFB,,NV-Edwards AFB-KEYX
LRX,ELKO,NV/Lander County,,NV-Lander County-KLRX
ESX,LAS VEGAS,NV/Nelson,,NV-Nelson-KESX
RGX,RENO,NV/Washoe County,,NV-Washoe County-KRGX
BGM,BINGHAMTON,NY/Binghamton,,NY-Binghamton-KBGM
BUF,BUFFALO,NY/Cheektowaga,,NY-Cheektowaga-KBUF
ENX,ALBANY,NY/East Berne,,NY-East Berne-KENX
OKX,NEW YORK CITY,NY/Upton,,NY-Upton-KOKX
CLE,CLEVELAND,OH/Cleveland,,OH-Cleveland-KCLE
ILN,CINCINNATI,OH/Wilmington,,OH-Wilmington-KILN
VNX,OKLAHOMA CITY,OK/(Vance AFB),,OK-(Vance AFB)-KVNX
FDR,OKLAHOMA CITY,OK/Altus AFB,,OK-Altus AFB-KFDR
INX,TULSA,OK/Inola,,OK-Inola-KINX
TLX,OKLAHOMA CITY,OK/Norman,,OK-Norman-KTLX
SRX,TULSA,OK/Western Arkansas,,OK-Western Arkansas-KSRX
MAX,MEDFORD,OR/Jackson County,,OR-Jackson County-KMAX
PDT,PENDLETON,OR/Pendleton,,OR-Pendleton-KPDT
RTX,PORTLAND,OR/Scappoose,,OR-Scappoose-KRTX
PBZ,PITTSBURGH,PA/Coraopolis,,PA-Coraopolis-KPBZ
DIX,PHILADELPHIA,PA/Manchester,,PA-Manchester-KDIX
CCX,CENTRAL PENNSYLVANIA,PA/Rush,,PA-Rush-KCCX
CAE,COLUMBIA,SC/Columbia,,SC-Columbia-KCAE
CLX,CHARLESTON,SC/Grays,,SC-Grays-KCLX
GSP,GREENVILLE/SPARTANBURG,SC/Greer,,SC-Greer-KGSP
ABR,ABERDEEN,SD/Aberdeen,,SD-Aberdeen-KABR
UDX,RAPID CITY,SD/New Underwood,,SD-New Underwood-KUDX
FSD,SIOUX FALLS,SD/Sioux Falls,,SD-Sioux Falls-KFSD
GWX,MEMPHIS,TN/(Columbus AFB),,TN-(Columbus AFB)-KGWX
NQA,MEMPHIS,TN/Millington,,TN-Millington-KNQA
MRX,KNOXVILLE/TRI-CITIES,TN/Morristown,,TN-Morristown-KMRX
OHX,NASHVILLE,TN/Old Hickory,,TN-Old Hickory-KOHX
DYX,SAN ANGELO,TX/(Dyess AFB),,TX-(Dyess AFB)-KDYX
DFX,AUSTIN/SAN ANT,TX/(Laughlin AFB),,TX-(Laughlin AFB)-KDFX
AMA,AMARILLO,TX/Amarillo,,TX-Amarillo-KAMA
BRO,BROWNSVILLE,TX/Brownsville,,TX-Brownsville-KBRO
CRP,CORPUS CHRISTI,TX/Corpus Christi,,TX-Corpus Christi-KCRP
HGX,HOUSTON/GALVESTON,TX/Dickinson,,TX-Dickinson-KHGX
FWS,DALLAS/FORT WORTH,TX/Fort Worth,,TX-Fort Worth-KFWS
GRK,DALLAS/FORT WORTH,TX/Ft Hood RDA,,TX-Ft Hood RDA-KGRK
LBB,LUBBOCK,TX/Lubbock,,TX-Lubbock-KLBB
MAF,MIDLAND/ODESSA,TX/Midland,,TX-Midland-KMAF
EWX,AUSTIN/SAN ANTONIO,TX/New Braunfels,,TX-New Braunfels-KEWX
SJT,SAN ANGELO,TX/San Angelo,,TX-San Angelo-KSJT
EPZ,EL PASO,TX/Santa Teresa,,TX-Santa Teresa-KEPZ
HDX,EL PASO,TX/White Sands Missile Range,,TX-White Sands Missile Range-KHDX
ICX,SALT LAKE CITY,UT/Cedar City,,UT-Cedar City-KICX
MTX,SALT LAKE CITY,UT/Elder County,,UT-Elder County-KMTX
DOX,WAKEFIELD,VA/(Dover AFB),,VA-(Dover AFB)-KDOX
FCX,ROANOKE,VA/Floyd County,,VA-Floyd County-KFCX
AKQ,WAKEFIELD,VA/Wakefield,,VA-Wakefield-KAKQ
CXX,BURLINGTON,VT/Colchester,,VT-Colchester-KCXX
TYX,BURLINGTON,VT/TBD,,VT-TBD-KTYX
ATX,SEATTLE/TACOMA,WA/Camano Island,,WA-Camano Island-KATX
OTX,SPOKANE,WA/Spokane,,WA-Spokane-KOTX
GRB,GREEN BAY,WI/Ashwaubenon,,WI-Ashwaubenon-KGRB
MKX,MILWAUKEE,WI/Dousman,,WI-Dousman-KMKX
ARX,LA CROSSE,WI/La Crosse,,WI-La Crosse-KARX
RLX,CHARLESTON,WV/Ruthdale,,WV-Ruthdale-KRLX
CYS,CHEYENNE,WY/Cheyenne,,WY-Cheyenne-KCYS
RIW,RIVERTON,WY/Riverton,,WY-Riverton-KRIW
